Top pages,Clicks,Impressions,CTR,Position
https://www.resumebuild.cv/tools/resume-scorer,1,134,0.75%,76.5
https://www.resumebuild.cv/tools/ats-checker,1,103,0.97%,75.23
https://www.resumebuild.cv/blog/ai-interview-anxiety-mental-wellness-2026,1,75,1.33%,7.04
https://www.resumebuild.cv/blog/ai-first-interview-beat-hiring-bots-2026,1,53,1.89%,9.17
https://www.resumebuild.cv/blog/ai-interview-coach-vs-human-mock-interview-2026,1,39,2.56%,8.67
https://resumebuild.cv/,1,30,3.33%,39.23
https://www.resumebuild.cv/login,1,13,7.69%,56.69
https://www.resumebuild.cv/signup,1,5,20%,37.4
https://resumebuild.cv/resume-examples/sales-representative,0,827,0%,64.43
https://resumebuild.cv/resume-examples/seo-specialist,0,466,0%,72.07
https://resumebuild.cv/resume-examples/mechanical-engineer,0,329,0%,76.68
https://resumebuild.cv/resume-examples/registered-nurse,0,327,0%,84.43
https://www.resumebuild.cv/resume-templates/healthcare,0,290,0%,69.45
https://www.resumebuild.cv/resume-examples/ux-designer,0,288,0%,74.15
https://resumebuild.cv/resume-examples/financial-analyst,0,285,0%,66.25
https://resumebuild.cv/resume-examples/product-manager,0,255,0%,70.99
https://resumebuild.cv/resume-examples/accountant,0,247,0%,74.51
https://www.resumebuild.cv/resume-examples/sales-representative,0,238,0%,65.13
https://resumebuild.cv/resume-examples/marketing-manager,0,232,0%,56.23
https://www.resumebuild.cv/resume-templates/finance,0,197,0%,84.04
https://www.resumebuild.cv/resume-examples/professor,0,195,0%,64.62
https://resumebuild.cv/resume-examples/graphic-designer,0,194,0%,78.38
https://resumebuild.cv/resume-examples/account-executive,0,193,0%,58.85
https://resumebuild.cv/resume-examples/civil-engineer,0,193,0%,72.21
https://www.resumebuild.cv/blog/ai-resume-builder-ats-optimization-2026,0,185,0%,11.22
https://www.resumebuild.cv/resume-examples/seo-specialist,0,167,0%,74.56
https://www.resumebuild.cv/resume-examples/financial-analyst,0,166,0%,68.66
https://resumebuild.cv/resume-examples/physician,0,155,0%,65.23
https://www.resumebuild.cv/resume-templates/marketing,0,130,0%,72.67
https://www.resumebuild.cv/tools/keyword-matcher,0,122,0%,73.66
https://www.resumebuild.cv/resume-examples/mechanical-engineer,0,119,0%,77.74
https://resumebuild.cv/resume-examples/software-engineer,0,89,0%,86.43
https://www.resumebuild.cv/resume-templates/sales,0,86,0%,69.53
https://resumebuild.cv/resume-examples/devops-engineer,0,83,0%,66.54
https://www.resumebuild.cv/resume-examples/registered-nurse,0,79,0%,71.8
https://www.resumebuild.cv/resume-examples/accountant,0,68,0%,75.35
https://www.resumebuild.cv/resume-templates/design,0,58,0%,79.81
https://www.resumebuild.cv/resume-templates/engineering,0,46,0%,84.43
https://www.resumebuild.cv/resume-examples/physician,0,41,0%,71.85
https://www.resumebuild.cv/resume-examples/data-scientist,0,35,0%,72.37
https://www.resumebuild.cv/tools/cover-letter,0,22,0%,71.27
https://www.resumebuild.cv/resume-templates/technology,0,19,0%,78.32
https://www.resumebuild.cv/resume-templates/education,0,18,0%,63.61
https://www.resumebuild.cv/,0,16,0%,36.62
https://resumebuild.cv/resume-examples/teacher,0,9,0%,74.89
https://www.resumebuild.cv/resume-examples/software-engineer,0,7,0%,72.71
https://www.resumebuild.cv/privacy,0,4,0%,4
https://www.resumebuild.cv/tools,0,3,0%,11
https://www.resumebuild.cv/blog,0,3,0%,36
https://www.resumebuild.cv/resume-templates,0,1,0%,3