Top queries,Clicks,Impressions,CTR,Position
cv grader,1,2,50%,17.5
ats score checker,1,2,50%,145
seo cv,0,271,0%,74.83
sales representative resume,0,255,0%,59.97
accountant resume,0,182,0%,72.29
financial analyst resume,0,171,0%,67.26
ux designer resume,0,147,0%,77.83
sales resume,0,127,0%,85.1
mechanical engineer resume,0,124,0%,82.61
product manager resume,0,123,0%,74.24
registered nurse resume,0,116,0%,81.49
sales representative resume sample,0,95,0%,50.39
physician resume,0,91,0%,71.6
sales resume examples,0,86,0%,87.69
civil engineer resume,0,82,0%,67.71
marketing manager resume,0,77,0%,60.34
marketing resume template,0,70,0%,74.97
resume grader,0,67,0%,81
professor resume,0,66,0%,53.56
graphic designer resume,0,63,0%,81.67
healthcare resume templates,0,61,0%,72.25
graphic design resume,0,60,0%,84.5
finance resume template,0,60,0%,90.33
account executive resume keywords,0,51,0%,60.29
sales representative resume template,0,49,0%,42.9
design resumes,0,45,0%,82.29
healthcare resume,0,44,0%,76.45
devops engineer resume,0,42,0%,60.52
sales rep resume,0,40,0%,63.5
product manager cv,0,40,0%,70.8
search engine optimization resume,0,39,0%,83.08
marketing resume templates,0,38,0%,70.42
seo marketing resume,0,38,0%,79.47
engineering resume templates,0,35,0%,87.54
sales representative resume examples,0,34,0%,55.53
account executive resume,0,34,0%,72.56
graphic design resume keywords,0,34,0%,73.82
software engineer resume,0,34,0%,86.59
sample resume for sales representative,0,32,0%,71.69
registered nurse resume examples,0,32,0%,85.03
financial analyst resume keywords,0,32,0%,88.28
financial analyst resume sample,0,31,0%,58.42
marketing manager cv,0,31,0%,68.65
ux resume,0,31,0%,69.48
job keywords finder,0,31,0%,80.39
accountant resume sample,0,30,0%,87.7
ux design resume,0,29,0%,76.31
mechanical engineering resume examples,0,29,0%,77.79
rn resume,0,29,0%,83.07
civil engineering resume,0,28,0%,78.46
sample resume for financial analyst,0,27,0%,69.19
mechanical engineer cv,0,27,0%,70.04
accountant resume examples,0,27,0%,71.37
resume physician,0,26,0%,61.54
sales representative sample resume,0,25,0%,53.12
resume for professor,0,25,0%,63.32
sales resume template,0,25,0%,78.6
nurse resume example,0,25,0%,86.12
sales resumes,0,25,0%,86.28
extract keywords from job description,0,25,0%,96.04
seo resume examples,0,24,0%,61.58
sales representative cv,0,24,0%,65.29
physician resumes,0,24,0%,65.46
mechanical engineering resume,0,24,0%,84.46
resume sample sales representative,0,23,0%,53.3
financial analyst resume examples,0,23,0%,58.74
product manager resume examples,0,23,0%,66.48
healthcare resume template,0,23,0%,77.43
scan job description for keywords,0,23,0%,90.39
sample sales representative resume,0,22,0%,55.27
financial analyst resume example,0,22,0%,67.09
financial resume template,0,22,0%,84.91
marketing manager resume sample,0,21,0%,34.24
sample account executive resume,0,21,0%,44.24
physicians resume,0,21,0%,67.57
financial analyst sample resume,0,21,0%,67.86
seo expert resume,0,21,0%,77.19
resume templates finance,0,21,0%,79.38
resume for physician,0,20,0%,57.25
resume templates healthcare,0,20,0%,67.4
profesor resume,0,20,0%,75.75
civil engineer resume example,0,20,0%,76.4
rn resume example,0,20,0%,89.05
sales professional resume,0,19,0%,76.26
mechanical engineer resume keywords,0,19,0%,89.47
sample resume sales representative,0,18,0%,47.28
sample financial analyst resume,0,18,0%,61.5
resume professor,0,18,0%,76.06
mechanical engineer sample resume,0,18,0%,88.06
marketing manager resume examples,0,17,0%,45.71
civil engineer resume examples,0,17,0%,74.94
ux design resumes,0,17,0%,79.06
registered nurse resume sample,0,17,0%,80.59
resume template finance,0,17,0%,87.12
sales position resume,0,16,0%,53.25
medical resume templates,0,16,0%,65.94
cv marketing manager,0,16,0%,70.88
professor resumes,0,16,0%,75.94
registered nurse sample resume,0,16,0%,86.12
rn resume examples,0,16,0%,86.5
mechanical engineer resume samples,0,15,0%,64.07
financial analyst cv,0,15,0%,69.33
resumebuild,0,15,0%,70.8
seo resume,0,15,0%,73.87
finance resume templates,0,15,0%,82.93
sample mechanical engineer resume,0,15,0%,89.4
mechanical resume examples,0,14,0%,54.5
ux designer cv,0,14,0%,64
finance resume,0,14,0%,87.86
resume template for finance,0,14,0%,89.21
nurse resume examples,0,14,0%,89.29
rn resume sample,0,14,0%,90.79
marketing manager resume template,0,13,0%,42.08
professor resume examples,0,13,0%,58
cv data scientist,0,13,0%,60.08
salesman resume,0,13,0%,70.69
resume of a professor,0,13,0%,73.46
seo online marketing resume,0,13,0%,81.85
seo specialist resume,0,13,0%,84.31
product management resume,0,13,0%,88.08
resume software engineer,0,13,0%,88.46
resume grading,0,13,0%,91
account executive resume sample,0,12,0%,48.58
design resume,0,12,0%,73.92
data scientist cv,0,12,0%,76.42
sales resume sample,0,12,0%,77.92
resume template healthcare,0,12,0%,83.67
software engineer cv,0,12,0%,86.08
cv software engineer,0,12,0%,87.5
resume for registered nurse,0,12,0%,87.58
sample resume for mechanical engineer,0,12,0%,88.25
professor resume sample,0,11,0%,63.91
project resume for seo company,0,11,0%,65
seo specialist qualifications resume,0,11,0%,74.73
healthcare resume examples,0,11,0%,79
devops resume,0,11,0%,79.55
resume registered nurse,0,11,0%,92.27
sample mechanical engineering resume,0,10,0%,63.5
cv product manager,0,10,0%,71.3
ux resumes,0,10,0%,73.5
resume seo,0,10,0%,75.1
resume template for healthcare,0,10,0%,84.3
mechanical engineering resume keywords,0,10,0%,89.4
ux designer resume examples,0,9,0%,65.78
marketing seo resume samples,0,9,0%,72.67
accountant resumes,0,9,0%,75.33
registered nurse resume example,0,9,0%,80.33
software engineering resume,0,9,0%,90.11
resume examples for financial analyst,0,8,0%,44
finance analyst resume sample,0,8,0%,52.75
resume for seo,0,8,0%,58.12
nurse resume,0,8,0%,60
civil engineering resume examples,0,8,0%,66
seo manager cv,0,8,0%,68.12
resume accountant,0,8,0%,68.25
medical resume,0,8,0%,71.25
resume marketing for avionte,0,8,0%,77.88
business marketing manager resume,0,8,0%,79.75
financial resume templates,0,8,0%,80.5
mechanical engineer resume sample,0,8,0%,84.38
resume sales,0,8,0%,89.5
ats parser,0,8,0%,91.75
finance analyst resume samples,0,7,0%,49.43
sales rep summary resume,0,7,0%,51.57
sales account executive resume,0,7,0%,59.43
financial analyst resume template,0,7,0%,69.86
resume for accountant,0,7,0%,70.14
resumebuild ai,0,7,0%,76.86
cv devops,0,7,0%,80.43
product management cv,0,7,0%,82.57
graphic designer cv,0,7,0%,90.14
job application strategy changes 2026 ai resume optimization,0,6,0%,22
sales account executive resume examples,0,6,0%,60.67
seo skills cv for experienced,0,6,0%,68.5
saas account executive resume,0,6,0%,70.33
salesperson resume,0,6,0%,75.5
graphic designer resumes,0,6,0%,76.17
mechanical engineering cv,0,6,0%,78.83
mechanical engineer cv example,0,6,0%,80.33
registered nurse nursing resume examples,0,6,0%,80.33
civil engineer cv,0,6,0%,84.5
resume ats parser,0,6,0%,88
seo manager resume,0,6,0%,90.5
resumebui,0,5,0%,2.2
ats optimization techniques for resumes 2025 2026,0,5,0%,8.8
search engine optimisation specialist roles and responsibilities resume,0,5,0%,41
teacher resumes,0,5,0%,64.6
search engine optimisation specialist duties and responsibilities resume,0,5,0%,66.6
seo skills for resume,0,5,0%,69.2
seo on resume,0,5,0%,70
cv for financial analyst,0,5,0%,71.8
finance analyst resume,0,5,0%,72.8
resume cover letter writer,0,5,0%,74.4
health care resume templates,0,5,0%,77.8
financial analyst resume samples,0,5,0%,78.6
educational resume template,0,5,0%,79
civil engineer resume sample,0,5,0%,79.6
how to check if my resume is ats compliant,0,5,0%,79.6
grade my resume,0,5,0%,80.6
mechanical engineer resume example,0,5,0%,81.8
resume for civil engineer,0,5,0%,82.2
product manager resume template,0,5,0%,84.4
mechanical engineering cv examples,0,5,0%,89.8
sample resume for mechanical engineering,0,4,0%,52
search engine specialist roles and responsibilities resume,0,4,0%,53
mechanical engineering resume sample,0,4,0%,59.75
sales agent resume,0,4,0%,59.75
advertising resume templates,0,4,0%,64.25
seo analyst resume,0,4,0%,65
sales resumes templates,0,4,0%,68.75
sales account executive resume example,0,4,0%,70
digital marketing seo resume,0,4,0%,71.25
search engine specialist duties and responsibilities resume,0,4,0%,72.25
sales cv template,0,4,0%,73
tech resume,0,4,0%,75.75
resume grader free,0,4,0%,76
cover letter builder,0,4,0%,76.5
ats scanner,0,4,0%,76.75
sales rep resume examples,0,4,0%,78
product manager skills resume,0,4,0%,78.25
analyze job description keywords,0,4,0%,78.75
finance resumes,0,4,0%,79
financial analyst skills resume,0,4,0%,80.5
resume scorer,0,4,0%,81.5
score my resume,0,4,0%,83.25
resume for healthcare,0,4,0%,83.75
professor resume template,0,4,0%,84.75
basic seo skills resume,0,4,0%,85
technology resume,0,4,0%,87.75
financial resume,0,4,0%,88.75
search engine optimisation expert roles and responsibilities resume,0,4,0%,88.75
sample resume for registered nurse,0,4,0%,92.25
ats resume tracking,0,4,0%,96.5
finance resume template free,0,4,0%,97.5
tech resumes,0,4,0%,98.25
resumebuil,0,3,0%,8
ats optimization tips for resumes 2025 2026,0,3,0%,8.33
"seo specialist resume internal linking faqs schema saas link building 
backlinks ahrefs google search console wordpress google analytics",0,3,0%,12.33
ai resume optimization tools gpt bots 2026,0,3,0%,27.67
sales representative resume summary,0,3,0%,36.67
health care resume,0,3,0%,42.33
seo skills cv examples,0,3,0%,43
ux designer skills resume,0,3,0%,51.67
resume mechanical,0,3,0%,56
seo skills cv,0,3,0%,57.33
applicant tracking system check,0,3,0%,58.33
cv for sales representative,0,3,0%,59.67
cv ux designer,0,3,0%,60
search engine optimisation specialist job description resume,0,3,0%,60
seo executive resume,0,3,0%,60
applicant tracking system checker,0,3,0%,60.33
sales rep resume example,0,3,0%,60.33
physician resume example,0,3,0%,60.67
accountants resumes,0,3,0%,61
healthcare resume format,0,3,0%,61.33
search engine optimization seo specialist roles and responsibilities resume,0,3,0%,61.33
seo specialist skills resume,0,3,0%,62.33
resumes for graphic designer,0,3,0%,66.33
resume templates education,0,3,0%,67
examples of healthcare resumes,0,3,0%,69.33
sales resume templates,0,3,0%,71
resume format for accounts executive,0,3,0%,71.33
finance analyst resume examples,0,3,0%,73.33
example nurse resume,0,3,0%,76
sales representative responsibilities resume,0,3,0%,78.33
cv for mechanical engineer,0,3,0%,78.67
resume builder login,0,3,0%,79.67
search engine optimization seo specialist responsibilities resume,0,3,0%,80
seo job description resume skills,0,3,0%,80.67
sales person resume,0,3,0%,81
best engineering resume templates,0,3,0%,82.33
cv seo,0,3,0%,82.67
mechanical engineering resumes,0,3,0%,83
example of a registered nurse resume,0,3,0%,83.67
accountant resume summary examples,0,3,0%,84.33
sales job resume,0,3,0%,84.33
engineering resume,0,3,0%,84.67
ats checker,0,3,0%,85.33
ats resume scanner,0,3,0%,85.33
mechanical engineer cv template,0,3,0%,85.67
resume for sales,0,3,0%,86
resume of software engineer,0,3,0%,86.33
devops resume sample,0,3,0%,86.67
sales account executive resume template,0,3,0%,86.67
nurses resume,0,3,0%,87
ats check,0,3,0%,87.33
cover letter builder free,0,3,0%,90
search engine optimization specialist job description resume,0,3,0%,90.33
sales development representative resume,0,3,0%,92.33
sales resume samples,0,3,0%,92.67
mechanical engg resume,0,3,0%,94.33
sales resume example,0,3,0%,95
engineering resume template,0,3,0%,97
engineering resumes,0,3,0%,97.33
resume scoring,0,3,0%,99
resume examples sales representative,0,2,0%,25.5
sales representative resume example,0,2,0%,29.5
ats compatibility,0,2,0%,30.5
"""yoodli""",0,2,0%,32.5
sales rep resume sample,0,2,0%,40.5
seo job description resume,0,2,0%,43
account executive resume template,0,2,0%,44.5
sales representative resume samples,0,2,0%,45.5
resume for product manager,0,2,0%,47
sales representative resume description,0,2,0%,48.5
resume format for marketing manager,0,2,0%,49.5
cv of marketing manager,0,2,0%,50
product manager sample resume,0,2,0%,51.5
example healthcare resume,0,2,0%,52
resume sample for registered nurse,0,2,0%,52
financial analyst resumes,0,2,0%,53
account executive sales resume,0,2,0%,55
sales representative skills cv,0,2,0%,55.5
accounts executive resume sample,0,2,0%,56
resume for financial analyst,0,2,0%,56.5
resume sales representative,0,2,0%,56.5
resume of an accountant,0,2,0%,57
sample ux designer resume,0,2,0%,57.5
sales representative skills resume,0,2,0%,60.5
marketing technical seo resume samples,0,2,0%,61
medical resumes templates,0,2,0%,62.5
resume for nurse,0,2,0%,63.5
resume sample registered nurse,0,2,0%,63.5
seo professional roles and responsibilities resume,0,2,0%,64.5
seo specialist resume sample,0,2,0%,65
ux designer resumes,0,2,0%,65
entry level sales rep resume,0,2,0%,66
resume examples mechanical engineer,0,2,0%,66
sales account executive resume sample,0,2,0%,66
devops cv,0,2,0%,66.5
devops engineer resume samples,0,2,0%,68.5
resume template medical,0,2,0%,68.5
resume ux designer,0,2,0%,68.5
graphic design resume examples,0,2,0%,69
check resume for ats compatibility,0,2,0%,70.5
applicant tracking system resume check,0,2,0%,71
how to calculate resume score,0,2,0%,71
marketing manager cv sample,0,2,0%,71
job posting keyword scanner,0,2,0%,72.5
resume for healthcare jobs,0,2,0%,72.5
education resume templates,0,2,0%,73
healthcare resume example,0,2,0%,73
mechanical engineering resume example,0,2,0%,73
physician resume sample,0,2,0%,73
ux design resume examples,0,2,0%,73
product manager resume sample,0,2,0%,73.5
ats compatibility checker,0,2,0%,74
resume sale,0,2,0%,74
sales responsibilities resume,0,2,0%,74
check resume ats compatibility,0,2,0%,74.5
finance analyst cv,0,2,0%,74.5
marketing manager resumes,0,2,0%,74.5
resume templates for marketing,0,2,0%,74.5
rn resume examples 2021,0,2,0%,74.5
sales rep duties for resume,0,2,0%,74.5
resume for finance analyst,0,2,0%,75
seo skills cv template,0,2,0%,75
resume keyword search,0,2,0%,75.5
sales cv templates,0,2,0%,76
mechanical engineer examples,0,2,0%,76.5
devops engineer cv examples,0,2,0%,77
accounting resumes,0,2,0%,77.5
ats compatibility check,0,2,0%,77.5
resume for nurses,0,2,0%,78
sample registered nurse resume,0,2,0%,78
mechanical engineering skills resume,0,2,0%,79
software engineer cv sample,0,2,0%,79
accountant resume format,0,2,0%,79.5
cv data science,0,2,0%,79.5
sample nurse resume,0,2,0%,79.5
devops engineer resume example,0,2,0%,80.5
ats scan,0,2,0%,82
data science cv,0,2,0%,82
check ats compatibility,0,2,0%,82.5
mechanical engineering resume skills,0,2,0%,82.5
registered nurse skills resume,0,2,0%,82.5
example mechanical engineer resume,0,2,0%,83
financial business analyst resume,0,2,0%,83
seo specialist resume example,0,2,0%,83
financial analyst skills for resume,0,2,0%,83.5
resume of a data scientist,0,2,0%,83.5
ux/ui designer resume,0,2,0%,83.5
sales cv,0,2,0%,84
ux ui designer resume,0,2,0%,84
education resume template,0,2,0%,84.5
sales+job+resume,0,2,0%,85
ats resume test,0,2,0%,85.5
resume examples healthcare,0,2,0%,85.5
seo specialist resume skills,0,2,0%,85.5
job description keyword finder,0,2,0%,86
seo optimization resume,0,2,0%,86
software engineer cv example,0,2,0%,86
experienced civil engineer resume,0,2,0%,87
how to check resume is ats friendly,0,2,0%,87
sales+representative+job+description+for+resume,0,2,0%,87
sample accountant resume,0,2,0%,87
sample ux resume,0,2,0%,88
accountant cv,0,2,0%,88.5
marketing resume,0,2,0%,88.5
seo job description resume examples,0,2,0%,88.5
graphic designer resume example,0,2,0%,89
medical resume builder,0,2,0%,89.5
skills in resume for mechanical engineer,0,2,0%,90
mechanical engineer skills for resume,0,2,0%,91
registered nurse resume sample format,0,2,0%,91
skills for mechanical engineering resume,0,2,0%,91
resume rating,0,2,0%,93
sales representative summary,0,2,0%,93
resume scorecard,0,2,0%,93.5
accountant skills resume,0,2,0%,94
resume ats scanner,0,2,0%,94.5
professional healthcare resume examples,0,2,0%,95.5
cv score,0,2,0%,96.5
tech resume templates,0,2,0%,97
resume score,0,2,0%,98
"""applicant tracking system""",0,1,0%,4
ats resume optimization best practices 2026,0,1,0%,8
"""applicanttrackingsystem""",0,1,0%,10
best ai resume builder for ats optimization 2026,0,1,0%,10
best ai resume optimization tools gpt bots 2026,0,1,0%,18
resumio,0,1,0%,21
free job description keyword finder,0,1,0%,26
ae resume,0,1,0%,28
job application strategy 2026 resume optimization ai screening,0,1,0%,28
"""job market""",0,1,0%,29
marketing manager resume summary,0,1,0%,29
cv devops example,0,1,0%,30
best mechanical engineer resume,0,1,0%,32
sales rep resume summary,0,1,0%,33
market manager resume,0,1,0%,34
account executive resume samples,0,1,0%,35
marketing manager job description resume,0,1,0%,35
cv of a marketing manager,0,1,0%,36
accounts resume,0,1,0%,38
keyword matcher,0,1,0%,39
marketing manager sample resume,0,1,0%,39
resume for sale,0,1,0%,39
"""resume now""",0,1,0%,41
m&e engineer resume,0,1,0%,42
marketing manager resume example,0,1,0%,44
resume for sales position,0,1,0%,45
sample resume for marketing manager,0,1,0%,45
devops engineer cv example,0,1,0%,46
product manager resumes,0,1,0%,46
resume sample physician,0,1,0%,46
resume software engineering,0,1,0%,46
cv template sales,0,1,0%,47
devops engineer sample resume,0,1,0%,47
sales professional resume template,0,1,0%,47
resume marketing manager,0,1,0%,48
account executive resumes,0,1,0%,49
resume template for mechanical engineer,0,1,0%,49
seo resume keywords,0,1,0%,49
example of civil engineer resume,0,1,0%,52
mechanical engg resume sample,0,1,0%,52
resume builder for sales jobs,0,1,0%,52
sales resume builder,0,1,0%,52
seo expert description resume,0,1,0%,53
applicant tracking system test your resume,0,1,0%,54
advertising resume template,0,1,0%,55
resume examples for healthcare,0,1,0%,55
sales representative description for resume,0,1,0%,55
seo specialist resume summary,0,1,0%,55
ats scan for resume,0,1,0%,56
free ats resume scan,0,1,0%,56
sales rep resumes,0,1,0%,56
cv for a sales representative,0,1,0%,57
resume of devops engineer,0,1,0%,57
cv of a sales representative,0,1,0%,58
mechanical resumes,0,1,0%,58
sales representative skills for resume,0,1,0%,58
cv for data scientist,0,1,0%,59
resume product manager,0,1,0%,59
marketing management resume,0,1,0%,60
resume examples registered nurse,0,1,0%,60
resume for devops engineer,0,1,0%,60
resume of marketing manager,0,1,0%,60
best product manager resumes,0,1,0%,61
example of mechanical engineering resume,0,1,0%,61
brand marketing manager resume,0,1,0%,62
healthcare resume samples,0,1,0%,62
resume teacher,0,1,0%,62
marketing manager skills resume,0,1,0%,63
sales resumes examples,0,1,0%,63
ats software resume check,0,1,0%,64
experienced nurse resume,0,1,0%,64
nurse resume example 2021,0,1,0%,64
"organic search engine optimization specialist roles and responsibilities 
resume",0,1,0%,64
sample resume for professor,0,1,0%,64
how to write an account executive resume,0,1,0%,65
skills of civil engineer in resume,0,1,0%,65
turn resume into cover letter,0,1,0%,65
account executive resume objective,0,1,0%,66
cv of mechanical engineer,0,1,0%,66
sales experience resume,0,1,0%,66
sales representative cv template,0,1,0%,66
digital marketing seo resume samples,0,1,0%,67
devops engineer resumes,0,1,0%,68
resume for mechanical engineer,0,1,0%,68
example of registered nurse resume,0,1,0%,69
example registered nurse resume,0,1,0%,69
financial analyst resume summary,0,1,0%,69
nurse resumes,0,1,0%,69
professional medical resume,0,1,0%,69
resume examples rn,0,1,0%,69
resume format civil engineer,0,1,0%,69
cv financial analyst,0,1,0%,70
free+sales+resume+template,0,1,0%,70
nursing resume,0,1,0%,70
resume for civil engineering,0,1,0%,70
sales description for resume,0,1,0%,70
applicant tracking systems checker,0,1,0%,71
ats scanning test,0,1,0%,71
civil engineering skills resume,0,1,0%,71
mechanical cv,0,1,0%,71
mechanical experience examples,0,1,0%,71
resume of mechanical engineer,0,1,0%,71
resume templates for tech jobs,0,1,0%,71
summary for mechanical engineer,0,1,0%,71
health care healthcare resume sample,0,1,0%,72
marketing manager cv example,0,1,0%,72
mechanical engineer resume examples,0,1,0%,72
registered nurse experience resume,0,1,0%,72
resume templates for healthcare professionals,0,1,0%,72
customer sales representative resume,0,1,0%,73
civil engineering resumes,0,1,0%,74
create cover letter from resume,0,1,0%,74
resume financial analyst,0,1,0%,74
account executive resume example,0,1,0%,75
account executive resume format,0,1,0%,75
accountant resume example,0,1,0%,75
find keywords from job description,0,1,0%,75
graphic artist resume,0,1,0%,75
resume template for financial analyst,0,1,0%,75
resume template sales,0,1,0%,75
enterprise account executive resume,0,1,0%,76
healthcare skills resume,0,1,0%,76
resume civil engineering,0,1,0%,76
resume for rn position,0,1,0%,76
resume templates for medical professionals,0,1,0%,76
sales representative cv summary,0,1,0%,76
accountant resume samples,0,1,0%,77
devops resumes,0,1,0%,77
hospital resume template,0,1,0%,77
marketing manager resume objective,0,1,0%,77
product manager resume templates,0,1,0%,77
resume of a civil engineer,0,1,0%,77
salesman resume examples,0,1,0%,77
examples of rn resumes,0,1,0%,78
mechanical engineer resume skills,0,1,0%,78
professional registered nurse resume sample,0,1,0%,78
resume for account executive,0,1,0%,78
sales resume description,0,1,0%,78
sample resume of product manager,0,1,0%,78
applicant tracking system resume test,0,1,0%,79
ats system resume checker,0,1,0%,79
keyword finder job description,0,1,0%,79
medical resume template,0,1,0%,79
resume examples graphic design,0,1,0%,79
resume of accountant,0,1,0%,79
resumes graphic designer,0,1,0%,79
sales representative duties resume,0,1,0%,79
finance professional resume template,0,1,0%,80
financial data analyst resume,0,1,0%,80
healthcare resumes examples,0,1,0%,80
mechanical engineer cv sample,0,1,0%,80
nurse resume sample,0,1,0%,80
registered nurse cv example,0,1,0%,80
resume format for finance,0,1,0%,80
resume graphic design,0,1,0%,80
sample product manager resume,0,1,0%,80
seo skills resume,0,1,0%,80
best resume for accountant,0,1,0%,81
graphic designer job description resume,0,1,0%,81
nurses resume sample,0,1,0%,81
resume ux,0,1,0%,81
seo professional skills resume,0,1,0%,81
account executive resume examples,0,1,0%,82
accounting resume,0,1,0%,82
cv of graphic designer,0,1,0%,82
graphic design resumes,0,1,0%,82
job description keyword finder tool free,0,1,0%,82
resume format for professor,0,1,0%,82
sample resume civil engineer,0,1,0%,82
registered nurse cv sample,0,1,0%,83
check resume,0,1,0%,84
civil engineer resume format,0,1,0%,84
health professional resume,0,1,0%,84
keywords for marketing manager resume,0,1,0%,84
mechanical engineer resumes,0,1,0%,84
rn resume samples,0,1,0%,84
samples of accounting resumes,0,1,0%,84
job description finder,0,1,0%,85
job description keyword scan free,0,1,0%,85
mechanical engineer skills resume,0,1,0%,85
resume for an accountant,0,1,0%,85
salesperson resume example,0,1,0%,85
summary for accountant,0,1,0%,85
engineering resume examples,0,1,0%,86
financial analyst resume skills,0,1,0%,86
product development manager resume,0,1,0%,86
skills for mechanical engineer resume,0,1,0%,86
ats resume scanner test,0,1,0%,87
healthcare resume builder,0,1,0%,87
registered nurse resume samples,0,1,0%,87
resume for senior financial analyst,0,1,0%,87
accountant job resume,0,1,0%,88
accountant responsibilities resume,0,1,0%,88
check ats compatibility of resume,0,1,0%,88
example of financial analyst resume,0,1,0%,88
job description keyword generator,0,1,0%,88
product manager cv example,0,1,0%,88
resume for software engineer,0,1,0%,88
resume headline for mechanical engineer,0,1,0%,88
sales representative job description for resume,0,1,0%,88
sdr resume examples,0,1,0%,88
accountant position resume,0,1,0%,89
ats cv check,0,1,0%,89
ats resume scan,0,1,0%,89
best sales resume,0,1,0%,89
experienced nurse resume sample,0,1,0%,89
product manager resume keywords,0,1,0%,89
resume finance,0,1,0%,89
accountant resume summary,0,1,0%,90
accountant sample resume,0,1,0%,90
associate professor resume,0,1,0%,90
ats tester,0,1,0%,90
build my cover letter,0,1,0%,90
content marketing writer job description resume seo,0,1,0%,90
devops skills resume,0,1,0%,90
marketing cv template,0,1,0%,90
marketing resumes,0,1,0%,90
resume for data scientist,0,1,0%,90
resume for teachers,0,1,0%,90
resumes for healthcare professionals,0,1,0%,90
sales representative duties and responsibilities resume,0,1,0%,90
sample resume of accountant,0,1,0%,90
ats resume check,0,1,0%,91
edit my cover letter,0,1,0%,91
mechanical enginner resume,0,1,0%,91
sample resume for software engineer,0,1,0%,91
civil engineering resume format,0,1,0%,92
cv accountant,0,1,0%,92
good sales resume,0,1,0%,92
medical resume examples,0,1,0%,92
resume accountant sample,0,1,0%,92
resume devops engineer,0,1,0%,92
resumes for healthcare,0,1,0%,92
score resume,0,1,0%,92
software engineer cv examples,0,1,0%,92
accountant professional summary,0,1,0%,93
mechanical engineering skills for resume,0,1,0%,93
check resume for ats,0,1,0%,94
education resume,0,1,0%,94
generate a cover letter,0,1,0%,94
senior seo specialist resume,0,1,0%,94
ats scan resume,0,1,0%,95
ats score checker free,0,1,0%,95
finance resume examples,0,1,0%,95
search engine optimization specialist responsibilities resume,0,1,0%,95
accountant resume model,0,1,0%,96
finance cv templates,0,1,0%,96
keywords for mechanical engineering resume,0,1,0%,96
mechanical engineering resume template,0,1,0%,96
professional nurse resume,0,1,0%,96
account executive cv template,0,1,0%,97
best accounting resume,0,1,0%,97
cv example software engineer,0,1,0%,97
resume sample for civil engineer,0,1,0%,97
resume template for professor,0,1,0%,97
resume to cover letter converter,0,1,0%,97
resume word score,0,1,0%,97
sample resume for civil engineer,0,1,0%,97
ats cv scanner,0,1,0%,98
ats friendly resume checker,0,1,0%,98
general accountant resume,0,1,0%,98
resume for accountants,0,1,0%,98
resumebuild.com,0,1,0%,98
resumes for sales positions,0,1,0%,98
sales person cv,0,1,0%,98
ats score resume,0,1,0%,99
best resume template for finance,0,1,0%,99
curriculum vitae data scientist,0,1,0%,99
cv of software engineer,0,1,0%,99
free resume checker,0,1,0%,99
resumes for teachers,0,1,0%,99
seo for resumes,0,1,0%,99
computer software engineer resume,0,1,0%,100
rate resume,0,1,0%,100
register nurse resume,0,1,0%,100
resume blog,0,1,0%,100
resume template for tech jobs,0,1,0%,100
resume templates engineering,0,1,0%,100
sample resume for accountant,0,1,0%,100
teacher resume,0,1,0%,100
free ats checker,0,1,0%,189